City_ID,City,Lat,Lng,Max Temp,Humidity,Cloudiness,Wind Speed,Country,Date
0,vila franca do campo,37.7167,-25.4333,18.27,99,70,2.31,PT,1715417029
1,ancud,-41.8697,-73.8203,6.7,87,99,3.48,CL,1715417029
2,usogorsk,63.4106,48.6872,0.93,87,100,3.88,RU,1715417029
3,waitangi,-43.9535,-176.5597,9.9,87,100,6.26,NZ,1715417029
4,mandapam,9.2833,79.1167,29.87,73,100,2.09,IN,1715417029
5,el porvenir,13.7617,-87.3458,25.63,88,100,0.39,HN,1715417030
6,blackmans bay,-43.0167,147.3167,10.85,92,42,2.15,AU,1715417030
7,smithers,54.7804,-127.1743,7.18,87,75,2.06,CA,1715417030
8,hamilton,39.1834,-84.5333,13.35,84,100,2.57,US,1715417030
9,glace bay,46.1969,-59.957,4.25,94,75,3.09,CA,1715417030
10,grytviken,-54.2811,-36.5092,-3.06,83,67,4.83,GS,1715417030
11,shitanjing,39.2342,106.3439,22.97,11,2,7.15,CN,1715417031
12,rulenge,-2.7175,30.6325,23.15,76,89,2.24,TZ,1715417031
13,east london,-33.0153,27.9116,19.52,48,0,8.75,ZA,1715417031
14,columbia falls,48.3725,-114.1815,9.33,79,0,0.0,US,1715417031
15,altai,46.3722,96.2583,20.61,9,35,5.84,MN,1715417031
16,ad dabbah,18.05,30.95,40.91,5,10,2.51,SD,1715417032
17,cuyo,10.8525,121.0086,29.92,70,44,4.11,PH,1715417032
18,kabala,9.5833,-11.55,26.3,81,98,2.74,SL,1715417032
19,kirakira,-10.4544,161.9205,26.05,83,72,4.67,SB,1715417032
20,rio grande,-32.035,-52.0986,17.3,92,100,3.71,BR,1715417032
21,ribeira grande,38.5167,-28.7,18.22,94,75,3.6,PT,1715416942
22,whitehorse,60.7161,-135.0538,2.43,64,20,3.09,CA,1715417033
23,albany,42.6001,-73.9662,9.4,93,100,0.45,US,1715417033
24,portland,45.5234,-122.6762,18.96,71,0,1.54,US,1715417033
25,vadso,70.0744,29.7487,4.09,70,20,5.14,NO,1715417033
26,adamstown,-25.066,-130.1015,21.81,79,99,5.63,PN,1715417033
27,cullera,39.1667,-0.25,22.3,61,28,0.45,ES,1715417033
28,saudarkrokur,65.7461,-19.6394,8.27,88,100,2.76,IS,1715417033
29,georgetown,5.4112,100.3354,32.96,74,20,3.09,MY,1715416940
30,alliance,40.9153,-81.1059,6.83,95,54,3.12,US,1715417034
31,west island,-12.1568,96.8225,28.99,84,75,4.63,CC,1715417034
32,st. john's,47.5649,-52.7093,1.07,96,100,4.47,CA,1715417034
33,doka,13.5167,35.7667,40.4,14,52,1.42,SD,1715417034
34,salinopolis,-0.6136,-47.3561,25.76,90,51,3.45,BR,1715417034
35,kodiak,57.79,-152.4072,3.73,87,100,2.57,US,1715417034
36,fenyi,27.8112,114.6681,24.18,91,99,2.31,CN,1715417034
37,talnakh,69.4865,88.3972,0.09,92,100,1.57,RU,1715417035
38,torghay,49.6339,63.4981,18.32,27,28,4.67,KZ,1715417035
39,bredasdorp,-34.5322,20.0403,17.48,48,4,4.32,ZA,1715417035
40,yellowknife,62.456,-114.3525,3.56,99,100,10.29,CA,1715417035
41,wailua homesteads,22.0669,-159.378,25.24,89,40,3.6,US,1715417035
42,al kharijah,25.4514,30.5464,34.03,13,0,7.68,EG,1715417036
43,tromso,69.6496,18.957,7.01,61,40,6.17,NO,1715417036
44,vorgashor,67.5833,63.95,-1.78,86,61,2.92,RU,1715417036
45,lovington,32.944,-103.3485,16.29,81,49,5.38,US,1715417036
46,port-aux-francais,-49.35,70.2167,5.07,76,84,11.67,TF,1715417036
47,papatowai,-46.5619,169.4708,8.22,92,61,4.07,NZ,1715417036
48,devils lake,48.1128,-98.8651,10.99,56,0,2.06,US,1715417037
49,hawaiian paradise park,19.5933,-154.9731,22.8,98,100,0.45,US,1715416937
50,crockett,31.3182,-95.4566,19.99,94,40,0.0,US,1715417037
51,punta arenas,-53.15,-70.9167,3.06,81,0,7.72,CL,1715417037
52,opuwo,-18.0607,13.84,28.96,16,0,5.18,NA,1715417037
53,iqaluit,63.7506,-68.5145,-0.15,93,100,6.69,CA,1715417037
54,susanville,40.4163,-120.653,5.45,44,0,1.61,US,1715417038
55,usinsk,65.9939,57.5281,2.26,82,21,3.58,RU,1715417038
56,robore,-18.3333,-59.75,20.4,63,6,2.13,BO,1715417038
57,puerto natales,-51.7236,-72.4875,-2.02,93,27,2.08,CL,1715417038
58,kendallville,41.4414,-85.265,13.04,90,100,4.63,US,1715417038
59,dunedin,-45.8742,170.5036,9.33,76,58,0.89,NZ,1715417038
60,el calafate,-50.3408,-72.2768,-1.16,65,27,2.11,AR,1715417038
61,xichang,27.8964,102.2634,14.99,82,99,1.88,CN,1715416951
62,ocean city,39.2776,-74.5746,9.1,85,60,4.02,US,1715417039
63,college,64.8569,-147.8028,6.2,48,75,2.06,US,1715417039
64,morozovsk,48.3539,41.8261,18.64,27,7,3.35,RU,1715417039
65,bethel,41.3712,-73.414,7.19,89,100,0.89,US,1715417039
66,albertina,-22.2008,-46.6158,15.11,81,54,1.85,BR,1715417039
67,malindi,-3.2175,40.1191,29.09,79,75,9.26,KE,1715417039
68,savanna-la-mar,18.219,-78.1332,26.97,90,9,1.26,JM,1715417040
69,ishigaki,24.3448,124.1572,28.07,69,75,3.6,JP,1715416815
70,lebu,-37.6167,-73.65,8.44,86,88,3.04,CL,1715417040
71,sumbawanga,-7.9667,31.6167,22.4,59,9,1.83,TZ,1715416829
72,saint-joseph,-21.3667,55.6167,28.21,73,20,6.92,RE,1715417040
73,qaqortoq,60.7167,-46.0333,0.75,90,90,0.62,GL,1715417040
74,ushuaia,-54.8,-68.3,2.81,70,0,4.63,AR,1715417040
75,fuveau,43.4558,5.5615,22.69,50,10,0.45,FR,1715417041
76,baja,46.175,18.9564,19.47,52,87,2.17,HU,1715417041
77,carauari,-4.8828,-66.8958,22.82,98,92,1.05,BR,1715417041
78,kununurra,-15.7667,128.7333,31.99,43,40,3.6,AU,1715416795
79,marsh harbour,26.5412,-77.0636,25.14,84,0,7.2,BS,1715417041
80,sisimiut,66.9395,-53.6735,-3.8,82,31,2.67,GL,1715417041
81,arenapolis,-14.4503,-56.8461,19.84,73,2,1.52,BR,1715417042
82,taiyuan,37.8694,112.5603,25.92,9,0,7.0,CN,1715416807
83,ilulissat,69.2167,-51.1,-4.99,74,100,0.0,GL,1715417042
84,udachny,66.4167,112.4,-3.64,62,100,2.43,RU,1715417042
85,bodaybo,57.8506,114.1933,8.66,58,87,1.51,RU,1715417042
86,polovinnoye,54.7914,65.9864,12.23,28,55,8.4,RU,1715417042
87,bilibino,68.0546,166.4372,0.25,78,100,1.17,RU,1715417042
88,betio village,1.358,172.9211,29.02,74,100,5.08,KI,1715417043
89,mount gambier,-37.8333,140.7667,15.39,74,93,1.42,AU,1715417043
90,crane,31.3974,-102.3501,17.59,72,66,7.39,US,1715417043
91,zhmerynka,49.037,28.112,13.12,64,93,6.05,UA,1715417043
92,afaahiti,-17.75,-149.2833,24.93,84,15,6.21,PF,1715417043
93,anadyr,64.75,177.4833,-0.72,80,100,1.0,RU,1715416573
94,angaur state,6.906,134.13,29.2,79,24,7.35,PW,1715417044
95,nabire,-3.3667,135.4833,27.07,85,72,1.18,ID,1715416671
96,cabo san lucas,22.8909,-109.9124,22.56,62,40,6.03,MX,1715416570
97,lata,40.1629,-8.3327,17.26,61,27,1.11,PT,1715417044
98,alo,7.4178,6.7371,32.1,62,53,2.93,NG,1715416561
99,sungai penuh,-2.0833,101.3833,23.75,88,100,0.76,ID,1715417045
100,isiolo,0.3546,37.5822,27.01,58,96,1.6,KE,1715417045
101,chonchi,-42.6128,-73.8092,5.07,95,48,0.5,CL,1715416628
102,edinburgh of the seven seas,-37.0676,-12.3116,17.12,90,100,12.88,SH,1715416558
103,pacific grove,36.6177,-121.9166,13.99,86,6,0.45,US,1715416556
104,singapore,1.2897,103.8501,34.5,72,75,4.12,SG,1715416468
105,leh,34.1667,77.5833,10.27,57,69,0.97,IN,1715416912
106,ust-nera,64.5667,143.2,2.31,84,100,1.81,RU,1715416604
107,nevel'sk,46.6733,141.8633,5.47,73,100,10.64,RU,1715417046
108,cole harbour,44.6724,-63.4751,5.71,91,92,1.03,CA,1715417046
109,hermanus,-34.4187,19.2345,17.11,57,35,2.36,ZA,1715416574
110,rufino,-34.2683,-62.7126,5.88,82,1,2.85,AR,1715417046
111,mariinsk,56.2139,87.7472,18.74,41,98,4.26,RU,1715417046
112,chibougamau,49.9168,-74.3659,5.79,81,100,1.54,CA,1715417047
113,ahoada,5.074,6.6535,30.14,69,36,2.3,NG,1715417047
114,kuanda,56.3161,116.0806,7.96,43,18,3.5,RU,1715416583
115,san antonio de pale,-1.4014,5.6325,26.55,88,70,5.43,GQ,1715416633
116,banmankhi,25.8833,87.1833,36.63,31,37,2.87,IN,1715417047
117,baiyin,36.5583,104.2081,21.87,22,45,3.41,CN,1715416657
118,vila velha,-20.3297,-40.2925,23.97,94,0,2.06,BR,1715416597
119,nova sintra,14.8667,-24.7167,20.99,77,64,9.26,CV,1715416565
120,chiredzi,-21.05,31.6667,31.25,21,0,1.22,ZW,1715416665
121,port mathurin,-19.6833,63.4167,25.48,79,94,11.14,MU,1715416557
122,ust'-barguzin,53.45,108.9833,7.89,46,54,0.85,RU,1715416615
123,tondano,1.3038,124.9112,26.05,90,93,1.0,ID,1715417048
124,birjand,32.8663,59.2211,23.26,18,20,3.09,IR,1715417048
125,badger,64.8,-147.5333,6.15,53,0,2.06,US,1715416603
126,naze,28.3667,129.4833,22.51,80,100,5.04,JP,1715416894
127,al muwayh,22.4333,41.7583,35.1,26,8,4.47,SA,1715417049
128,kargasok,59.0556,80.8572,12.2,37,90,3.13,RU,1715417049
129,puerto ayora,-0.7393,-90.3518,22.53,96,99,2.47,EC,1715416564
130,calama,-22.4667,-68.9333,11.27,24,0,8.75,CL,1715417049
131,lacombe,52.4668,-113.7353,12.68,47,16,3.6,CA,1715417049
132,akureyri,65.6835,-18.0878,5.96,93,40,0.0,IS,1715416757
133,atar,20.5169,-13.0499,36.18,11,70,3.59,MR,1715417050
134,san luis de la loma,17.2706,-100.8939,24.13,72,86,0.87,MX,1715417050
135,salinas de hidalgo,22.6333,-101.7167,18.29,57,7,3.83,MX,1715417050
136,brownwood,31.7093,-98.9912,18.62,82,100,0.0,US,1715417050
137,invercargill,-46.4,168.35,8.9,96,60,2.24,NZ,1715416570
138,tiksi,71.6872,128.8694,-2.36,93,100,3.5,RU,1715416601
139,mhango,-3.2833,32.85,25.5,60,8,2.59,TZ,1715417051
140,yerofey pavlovich,53.9667,121.9667,15.76,27,100,0.66,RU,1715417051
141,longyearbyen,78.2186,15.6401,0.91,69,40,6.69,SJ,1715416563
142,inyonga,-6.7167,32.0667,26.21,52,25,2.39,TZ,1715416811
143,umm kaddadah,13.6017,26.6876,36.81,3,100,1.16,SD,1715417051
144,isafjordur,66.0755,-23.124,6.02,87,75,1.03,IS,1715416568
145,nafada,11.0956,11.3327,36.67,33,26,3.33,NG,1715417051
146,aasiaat,68.7098,-52.8699,-9.42,92,98,2.81,GL,1715416584
147,ha'il,27.5219,41.6907,33.01,25,0,2.06,SA,1715416640
148,acarau,-2.8856,-40.12,24.72,89,97,3.84,BR,1715416610
149,hinton,53.4001,-117.5857,10.19,78,81,1.28,CA,1715417052
150,utrik,11.2278,169.8474,27.28,82,100,6.87,MH,1715416582
151,tamanrasset,22.785,5.5228,28.95,11,0,7.72,DZ,1715417052
152,lazaro cardenas,17.9583,-102.2,22.17,79,92,2.06,MX,1715416636
153,balassagyarmat,48.073,19.2961,17.36,64,100,0.41,HU,1715417052
154,panacan,9.2463,118.4082,29.96,70,99,2.54,PH,1715417053
155,the pas,53.8251,-101.2541,10.01,66,75,6.17,CA,1715417053
156,olonkinbyen,70.9221,-8.7187,-0.66,76,61,4.29,SJ,1715416587
157,santiago de cao,-7.9589,-79.2392,17.07,94,97,2.57,PE,1715417053
158,happy valley-goose bay,53.3168,-60.3315,-2.83,93,0,1.03,CA,1715416644
159,port alfred,-33.5906,26.891,18.99,62,31,4.47,ZA,1715416506
160,constantia,44.1833,28.65,21.5,50,29,5.6,RO,1715416618
161,ascension,30.2169,-90.9001,22.23,66,0,3.09,US,1715417053
162,pisco,-13.7,-76.2167,18.03,88,0,4.63,PE,1715416645
163,port elizabeth,-33.918,25.5701,20.05,60,20,9.26,ZA,1715416566
164,kabare,-2.4683,28.8242,23.17,73,69,1.81,CD,1715417054
165,nuku'alofa,-21.1333,-175.2,22.19,60,20,4.12,TO,1715416637
166,margaret river,-33.95,115.0667,17.81,57,0,2.07,AU,1715416491
167,revda,56.801,59.9303,6.84,79,100,7.9,RU,1715417054
168,tazovsky,67.4667,78.7,0.02,99,99,2.53,RU,1715416624
169,tanjung pandan,-2.75,107.65,28.56,83,100,3.06,ID,1715417054
170,markovo,57.3206,107.0881,19.34,23,83,2.93,RU,1715417055
171,hotan,37.0997,79.9269,30.24,6,99,3.54,CN,1715416599
172,kievka,50.2619,71.5514,16.96,22,55,3.52,KZ,1715417056
173,yonggwang-up,40.0183,127.4547,14.43,85,100,0.1,KP,1715417056
174,mullsjo,63.7,19.7,8.94,41,58,0.43,SE,1715417056
175,atafu village,-8.5421,-172.5159,29.65,73,87,4.57,TK,1715416623
176,thompson,55.7435,-97.8558,6.09,81,75,1.03,CA,1715416568
177,saipan,15.1355,145.701,29.39,79,40,6.17,MP,1715416356
178,tadine,-21.55,167.8833,22.11,66,65,6.16,NC,1715416665
179,kapuskasing,49.4169,-82.4331,9.05,57,100,2.57,CA,1715416634
180,aldama,22.9167,-98.0667,25.76,90,41,0.97,MX,1715417057
181,bodo,67.28,14.405,8.3,61,0,7.2,NO,1715416596
182,remire-montjoly,4.9167,-52.2667,24.02,100,40,0.0,GF,1715416586
183,marsa alam,25.0757,34.8918,31.39,47,1,5.62,EG,1715417058
184,dudinka,69.4058,86.1778,-4.62,82,100,4.47,RU,1715416608
185,avarua,-21.2078,-159.775,25.03,83,100,1.03,CK,1715416586
186,tanabe,33.7333,135.3667,21.56,60,75,6.69,JP,1715417058
187,new norfolk,-42.7826,147.0587,11.51,92,48,0.35,AU,1715416588
188,xapuri,-10.6517,-68.5044,24.81,83,70,0.87,BR,1715417058
189,sarangani,5.4033,125.4636,28.81,79,61,7.33,PH,1715417059
190,"laikit, laikit ii (dimembe)",1.4792,124.9735,28.47,84,40,1.54,ID,1715417059
191,la passe,45.5549,-0.8967,23.56,69,1,3.85,FR,1715416610
192,cam pha mines,21.0167,107.3,28.09,72,77,2.88,VN,1715416880
193,arraial do cabo,-22.9661,-42.0278,22.74,88,100,4.23,BR,1715416591
194,al jumum,21.6169,39.6981,38.76,29,1,3.45,SA,1715417059
195,le port,-20.9373,55.2919,29.0,64,0,2.27,RE,1715417059
196,puerto baquerizo moreno,-0.9,-89.6,22.62,92,92,2.98,EC,1715416621
197,hendek,40.7994,30.7481,13.38,96,100,3.69,TR,1715417060
198,jamestown,42.097,-79.2353,4.8,99,100,1.54,US,1715416579
199,bandarbeyla,9.4942,50.8122,31.04,67,93,4.24,SO,1715417060
200,sumbawa besar,-8.5,117.4333,29.56,68,77,1.17,ID,1715417060
201,sola,-13.8833,167.55,26.35,70,100,8.36,VU,1715416606
202,kalemie,-5.9475,29.1947,27.03,62,29,3.41,CD,1715417060
203,tolanaro,-25.0319,46.9987,28.04,61,20,4.12,MG,1715417061
204,okhotsk,59.3833,143.3,0.11,96,100,2.16,RU,1715417061
205,hami,42.8,93.45,32.85,6,4,1.66,CN,1715416569
206,bayanaul,50.7889,75.6956,13.88,41,100,3.29,KZ,1715416650
207,saldanha,-33.0117,17.9442,13.03,59,4,1.56,ZA,1715416581
208,dauphin,51.1494,-100.0502,15.08,36,75,8.23,CA,1715417061
209,bima,-8.4667,118.7167,29.05,76,80,1.82,ID,1715417061
210,aldinga beach,-35.2793,138.4604,17.58,83,41,3.04,AU,1715417062
211,kavaratti,10.5669,72.642,30.01,72,65,3.71,IN,1715416573
212,minas de marcona,-15.2119,-75.1103,13.53,93,91,6.27,PE,1715416324
213,cururupu,-1.8283,-44.8683,23.63,97,100,0.92,BR,1715417062
214,colonia,50.9333,6.95,21.81,60,0,1.03,DE,1715416672
215,jalai nur,49.45,117.7,14.73,41,100,8.43,CN,1715417062
216,solnechnyy,50.7214,136.6319,11.07,52,100,4.92,RU,1715417063
217,fort mcmurray,56.7268,-111.381,13.77,41,100,2.57,CA,1715417063
218,surte,57.8167,12.0167,18.34,58,59,1.1,SE,1715417063
219,porto torres,40.835,8.3972,22.1,51,0,1.98,IT,1715417063
220,obligado,-27.0333,-55.6333,18.37,99,68,0.8,PY,1715417063
221,laguna,38.421,-121.4238,20.73,62,0,1.54,US,1715416648
222,siwa oasis,29.2041,25.5195,24.7,32,0,2.1,EG,1715417064
223,tual,-5.6667,132.75,28.4,80,100,7.2,ID,1715416662
224,tazacorte,28.629,-17.9293,20.54,86,40,6.17,ES,1715417065
225,howrah,22.5892,88.3103,27.0,83,75,5.14,IN,1715416477
226,callao,-12.0667,-77.15,19.84,82,20,3.09,PE,1715416548
227,veinticinco de mayo,-35.4323,-60.1727,7.21,97,100,0.45,AR,1715417065
228,flying fish cove,-10.4217,105.6791,27.82,83,100,5.14,CX,1715416587
229,anchau,10.9597,8.3916,33.4,40,100,3.54,NG,1715417065
230,sur,22.5667,59.5289,33.02,45,0,3.89,OM,1715416569
231,menongue,-14.6585,17.691,26.61,26,0,3.05,AO,1715416591
232,tocopilla,-22.092,-70.1979,17.45,69,89,5.02,CL,1715417066
233,inhambane,-23.865,35.3833,27.99,69,20,4.12,MZ,1715417066
234,turkmenbasy,40.0222,52.9552,27.43,18,0,8.23,TM,1715417066
235,queenstown,-31.8976,26.8753,16.88,44,8,1.1,ZA,1715416424
236,were ilu,10.6,39.4333,21.85,37,38,5.25,ET,1715417066
237,am timan,11.0297,20.2827,39.33,12,100,2.58,TD,1715417066
238,kichmengskiy gorodok,59.9816,45.7854,-1.14,97,100,4.02,RU,1715417067
239,mount pearl,47.5166,-52.7813,0.61,95,100,4.63,CA,1715416629
240,champerico,14.3,-91.9167,28.54,74,100,2.88,GT,1715417067
241,namibe,-15.1961,12.1522,25.27,67,0,2.24,AO,1715416581
242,praia,14.9215,-23.5087,23.3,73,40,6.17,CV,1715416866
243,surskoye,54.4821,46.7214,10.99,77,100,4.5,RU,1715417068
244,fort st. john,56.2499,-120.8529,8.94,37,100,5.14,CA,1715417068
245,ola,59.5833,151.2833,3.41,81,94,2.4,RU,1715416635
246,tevriz,57.509,72.4042,12.35,36,96,5.45,RU,1715417068
247,lihue,21.9789,-159.3672,25.58,86,40,3.6,US,1715416565
248,kone,-21.0595,164.8658,20.66,75,76,2.27,NC,1715416628
249,hadibu,12.65,54.0333,30.97,63,100,2.06,YE,1715417069
250,acajutla,13.5928,-89.8275,28.32,75,100,1.74,SV,1715416320
251,labrador city,52.9463,-66.9114,-2.68,71,0,1.03,CA,1715416656
252,puerto deseado,-47.7503,-65.8938,3.04,78,95,4.72,AR,1715417069
253,bosobolo,4.1833,19.9,35.23,38,20,2.55,CD,1715417069
254,greymouth,-42.4667,171.2,8.03,83,44,2.09,NZ,1715416510
255,carutapera,-1.195,-46.02,24.46,94,93,2.09,BR,1715417070
256,faya-largeau,17.9257,19.1043,38.11,11,6,10.03,TD,1715417070
257,quintana de la serena,38.7459,-5.6723,22.3,32,23,2.15,ES,1715417070
258,sao felix do xingu,-6.6447,-51.995,23.16,89,41,0.58,BR,1715417070
259,robbah,33.2797,6.9098,23.8,30,17,3.9,DZ,1715417070
260,tiquipaya,-17.3382,-66.2189,14.98,43,12,0.89,BO,1715417070
261,fortuna,40.5982,-124.1573,12.59,92,0,3.6,US,1715417070
262,nelson bay,-32.7167,152.15,17.78,94,95,0.45,AU,1715417071
263,sitka,57.0531,-135.33,6.94,76,75,0.0,US,1715416604
264,papao,-17.75,-149.55,25.82,79,2,4.68,PF,1715416557
265,jamaame,0.0697,42.745,32.43,54,57,6.32,SO,1715417071
266,coquimbo,-29.9533,-71.3436,9.85,81,0,2.57,CL,1715416602
267,pangody,65.85,74.4859,0.18,100,88,3.7,RU,1715417071
268,alice springs,-23.7,133.8833,20.75,37,0,6.17,AU,1715416548
269,kindu,-2.95,25.95,24.94,86,100,1.07,CD,1715417072
270,siracusa,37.0881,15.2792,21.77,68,4,2.36,IT,1715417072
271,zyryanskoye,56.8306,86.6258,17.65,34,71,4.88,RU,1715417073
272,woolgoolga,-30.1106,153.2007,14.93,88,100,2.94,AU,1715417073
273,jarny,49.1574,5.8788,21.45,72,89,4.65,FR,1715417073
274,goundam,16.4145,-3.6708,37.77,5,4,5.82,ML,1715417073
275,cudillero,43.5622,-6.1459,20.47,67,20,3.6,ES,1715417073
276,gaigeturi,33.4644,126.3183,22.03,60,75,4.12,KR,1715417073
277,klyuchi,52.2667,79.1667,17.12,32,100,6.08,RU,1715416592
278,hithadhoo,-0.6,73.0833,29.33,77,68,4.49,MV,1715416601
279,guerrero negro,27.9769,-114.0611,14.38,85,47,6.09,MX,1715416600
280,trat,12.5,102.5,32.11,75,100,2.3,TH,1715417074
281,polignano a mare,40.9959,17.2159,23.71,62,0,6.34,IT,1715417074
282,fortaleza,-3.7227,-38.5247,27.07,83,40,3.6,BR,1715417074
283,stanley,54.868,-1.6985,17.01,77,0,1.54,GB,1715416557
284,constitucion,-35.3333,-72.4167,8.14,79,0,1.71,CL,1715417075
285,khash,28.2211,61.2158,27.79,17,0,6.8,IR,1715417075
286,kura,11.7697,8.4303,30.0,33,89,4.55,NG,1715417063
287,sinabang,2.4803,96.3801,28.6,81,93,3.75,ID,1715417064
288,san-pedro,4.7485,-6.6363,28.62,83,98,2.05,CI,1715417075
289,murghob,38.1702,73.9667,11.74,35,99,5.34,TJ,1715417075
290,nizhniy lomov,53.5304,43.6766,11.85,77,100,6.37,RU,1715417075
291,sansepolcro,43.5747,12.143,21.95,47,2,3.58,IT,1715417075
292,saint-philippe,-21.3585,55.7679,27.77,79,42,7.03,RE,1715416651
293,uturoa,-16.7333,-151.4333,27.64,79,18,3.58,PF,1715416600
294,khandyga,62.6667,135.6,4.46,51,100,1.34,RU,1715416591
295,la ronge,55.1001,-105.2842,15.14,44,20,2.57,CA,1715416884
296,lethem,3.3803,-59.7968,23.83,92,88,1.93,GY,1715417076
297,weno,7.4515,151.8468,28.97,84,40,7.81,FM,1715416571
298,puerto lempira,15.2667,-83.7667,27.42,80,100,2.69,HN,1715417076
299,altamont,42.2068,-121.7372,8.88,78,0,0.0,US,1715417077
300,nehe,48.4833,124.8333,9.37,79,87,9.0,CN,1715417077
301,veraval,20.9,70.3667,31.51,60,0,5.45,IN,1715417077
302,fale old settlement,-9.3852,-171.2468,29.25,74,14,3.68,TK,1715416586
303,cadale,2.7603,46.3222,30.72,66,89,7.08,SO,1715417077
304,bridgewater,44.3835,-64.5155,5.82,93,76,2.57,CA,1715417078
305,inarajan village,13.2736,144.7484,29.54,87,38,6.49,GU,1715417078
306,magdalena,14.1999,121.429,33.53,65,93,4.47,PH,1715417078
307,san patricio,28.017,-97.5169,27.13,87,61,4.72,US,1715416572
308,maputo,-25.9653,32.5892,25.36,43,0,4.03,MZ,1715417079
309,quellon,-43.1167,-73.6167,5.43,80,10,1.1,CL,1715416611
310,quiberon,47.4841,-3.1196,21.72,57,88,5.61,FR,1715417079
311,petropavlovsk-kamchatsky,53.0452,158.6483,3.33,95,75,5.0,RU,1715416571
312,porbandar,21.6422,69.6093,31.55,62,0,5.56,IN,1715417080
313,paradip garh,20.3167,86.6167,33.59,59,12,9.45,IN,1715417080
314,kaya,13.0917,-1.0844,35.65,32,3,7.0,BF,1715417080
315,anton lizardo,19.05,-95.9833,24.56,92,37,0.88,MX,1715417080
316,qarshi,38.8667,65.8,19.9,60,40,4.12,UZ,1715417080
317,bairnsdale,-37.8333,147.6167,14.47,88,100,1.34,AU,1715417080
318,nantucket,41.2835,-70.0995,7.22,89,100,5.14,US,1715416631
319,miles city,46.4083,-105.8406,8.54,93,0,3.6,US,1715417081
320,la'ie,21.6477,-157.9253,21.98,89,7,2.39,US,1715416598
321,piti village,13.4626,144.6933,29.49,79,20,6.17,GU,1715417081
322,port lincoln,-34.7333,135.8667,14.8,80,99,2.96,AU,1715416532
323,port-vila,-17.7338,168.3219,22.78,83,75,4.63,VU,1715416612
324,price,39.5994,-110.8107,3.59,65,0,2.57,US,1715417081
325,haiku-pauwela,20.9219,-156.3051,21.69,95,20,1.54,US,1715417082
326,guatrache,-37.6678,-63.5302,5.47,95,36,3.88,AR,1715417082
327,lospalos,-8.5186,127.0025,24.02,89,33,4.54,TL,1715417082
328,palmaner,13.2,78.75,35.28,31,35,4.71,IN,1715416965
329,wynyard,-41.0,145.7167,11.86,81,22,2.84,AU,1715417059
330,sao gabriel da cachoeira,-0.1303,-67.0892,22.38,100,99,0.55,BR,1715417082
331,siluko,6.5386,5.1609,32.38,63,68,1.72,NG,1715417082
332,puerto aysen,-45.4,-72.7,-4.26,98,48,0.77,CL,1715417083
333,corinto,37.9407,22.9573,19.02,48,22,5.51,GR,1715417083
334,careiro da varzea,-3.2003,-59.8119,26.34,97,83,1.94,BR,1715417083
335,baicheng,45.6167,122.8167,9.55,68,100,10.49,CN,1715417083
336,dickinson,29.4608,-95.0513,24.99,76,40,3.09,US,1715417083
337,la punta,-33.1837,-66.3127,5.56,76,10,4.89,AR,1715417084
338,fuller heights,27.9092,-81.9981,27.14,91,100,4.63,US,1715417084
339,osprey,27.1962,-82.4904,28.01,83,75,3.6,US,1715417084
340,juankoski,63.0667,28.35,6.98,64,99,5.98,FI,1715417084
341,al bawiti,28.3492,28.8659,27.61,25,0,4.77,EG,1715416631
342,nemuro,43.3236,145.575,6.06,90,100,4.52,JP,1715416504
343,peniche,39.3558,-9.3811,17.38,87,100,5.9,PT,1715417084
344,saint-pierre,-21.3393,55.4781,27.82,61,20,10.8,RE,1715416607
345,nadym,65.5333,72.5167,-1.69,85,100,4.31,RU,1715417085
346,enewetak,11.3474,162.3373,27.46,76,100,7.22,MH,1715416587
347,tashtyp,52.7939,89.8983,22.7,45,100,3.78,RU,1715417085
348,harar,9.3094,42.1258,25.85,42,48,2.6,ET,1715417085
349,taroudant,30.4703,-8.877,21.87,60,68,2.9,MA,1715416663
350,princeville,45.7668,-61.2985,3.84,95,100,2.06,CA,1715417085
351,minab,27.1467,57.0801,38.83,15,8,2.82,IR,1715417085
352,burang,30.25,81.1667,10.0,50,66,4.14,CN,1715416592
353,midvagur,62.0511,-7.1939,10.46,100,100,6.69,FO,1715417086
354,keetmanshoop,-26.5833,18.1333,17.51,36,0,2.06,NA,1715416805
355,qamdo,31.1667,97.2333,5.9,37,100,1.54,CN,1715416491
356,taro,-8.3862,115.28,24.69,76,100,1.31,ID,1715417086
357,nyala,12.05,24.8833,37.65,5,13,2.64,SD,1715417087
358,goroka,-6.0834,145.3873,18.1,98,94,0.92,PG,1715417087
359,kayangel,8.0823,134.7173,28.91,81,60,7.17,PW,1715416623
360,ouani,-12.1322,44.4258,27.93,72,100,3.89,KM,1715417087
361,tailai,46.3833,123.4,9.62,70,98,8.93,CN,1715417087
362,illizi,26.4833,8.4667,25.89,13,1,3.83,DZ,1715416630
363,whangarei,-35.7317,174.3239,7.87,88,0,1.02,NZ,1715417087
364,iskateley,67.6803,53.1512,-3.32,88,99,3.13,RU,1715416594
365,la plata,-34.9215,-57.9545,10.02,81,99,3.5,AR,1715417088
366,lompoc,34.6391,-120.4579,12.66,96,100,2.06,US,1715416565
367,ceerigaabo,10.6162,47.368,25.61,42,40,3.64,SO,1715417088
368,dazhong,33.1997,120.4578,14.44,92,100,7.15,CN,1715417088
369,tweed heads,-28.1817,153.547,20.54,97,100,2.06,AU,1715416615
370,camana,-16.6228,-72.7111,18.56,89,55,4.69,PE,1715416671
371,luderitz,-26.6481,15.1594,21.04,43,0,7.2,NA,1715416604
372,mili,6.0815,171.735,26.2,91,100,8.07,MH,1715417089
373,mao,39.8885,4.2658,21.31,46,0,4.12,ES,1715417084
374,twon-brass,4.3151,6.2418,29.68,78,76,5.79,NG,1715417089
375,hasaki,35.7333,140.8333,23.22,66,10,9.61,JP,1715416565
376,nagqu,31.5,92.0,7.72,8,65,6.63,CN,1715416670
377,verkhniy baskunchak,48.2256,46.7217,21.06,31,13,6.6,RU,1715417090
378,paita,-5.0892,-81.1144,20.31,82,92,4.63,PE,1715416624
379,akropong,5.9746,-0.0854,26.53,60,30,3.43,GH,1715417015
380,port pirie,-33.1833,138.0167,14.34,88,100,3.08,AU,1715417090
381,tura,25.5198,90.2201,31.19,46,62,2.06,IN,1715416570
382,edd,13.9297,41.6925,37.37,40,24,9.35,ER,1715417090
383,kamina,-8.7386,24.9906,28.86,41,64,2.09,CD,1715417090
384,knetzgau,49.9833,10.55,19.07,53,99,2.03,DE,1715417091
385,ningchegu,39.1589,117.6625,25.01,15,0,7.24,CN,1715417091
386,nema,57.5067,50.5011,6.98,67,100,5.44,RU,1715417068
387,arkhangel'sk,64.5401,40.5433,3.06,65,75,4.0,RU,1715416859
388,thalmassing,49.0881,11.2231,19.45,50,80,0.45,DE,1715417091
389,kasulu,-4.5767,30.1025,23.39,72,95,3.57,TZ,1715417091
390,mahanoro,-19.9,48.8,26.18,66,48,1.9,MG,1715417091
391,guarapari,-20.6667,-40.4975,22.22,91,42,1.49,BR,1715417092
392,codrington,-38.2667,141.9667,14.15,77,77,3.24,AU,1715416634
393,novodvinsk,64.4165,40.8122,2.86,83,91,4.25,RU,1715416599
394,mazidagi,37.4775,40.4881,24.5,56,100,10.28,TR,1715417092
395,nar'yan-mar,67.6713,53.087,-3.27,88,99,3.13,RU,1715416593
396,geraldton,-28.7667,114.6,27.23,47,40,5.66,AU,1715416470
397,chachapoyas,-6.2317,-77.869,12.8,95,99,1.26,PE,1715417093
398,murashi,59.3999,48.9615,0.27,93,100,3.78,RU,1715417093
399,lerwick,60.1545,-1.1494,12.0,85,100,3.2,GB,1715417093
400,adrar,20.5022,-10.0711,35.33,11,100,4.63,MR,1715417093
401,argostolion,38.1811,20.489,21.04,50,20,4.63,GR,1715417093
402,chadron,42.8294,-102.9999,10.54,76,0,2.57,US,1715417093
403,shaoxing,30.011,120.5715,23.97,96,100,0.97,CN,1715417054
404,al jabin,14.704,43.599,23.44,35,44,1.22,YE,1715417094
405,turbat,26.0023,63.044,42.09,9,0,6.3,PK,1715417094
406,prado,-17.3411,-39.2208,24.39,85,54,2.3,BR,1715416629
407,martakert,40.2104,46.821,21.09,63,93,2.68,AZ,1715417094
408,ujae,8.9322,165.7642,27.02,83,100,4.1,MH,1715417094
409,dompu,-8.5356,118.4622,29.04,75,89,1.64,ID,1715417095
410,polyarnyy,69.1989,33.4478,0.41,91,100,5.85,RU,1715416668
411,pechora,65.1472,57.2244,1.03,77,61,4.02,RU,1715417095
412,hancheng,32.5186,112.3522,27.65,33,80,2.37,CN,1715417095
413,whakatane,-37.9585,176.9854,6.4,92,1,2.31,NZ,1715417095
414,villamontes,-21.25,-63.5,16.86,99,100,1.08,BO,1715417095
415,lamu,-2.2717,40.902,28.37,75,99,7.37,KE,1715417095
416,ciudad lazaro cardenas,17.9583,-102.2,22.17,79,92,2.06,MX,1715417096
417,tsiombe,-25.3,45.4833,31.01,30,0,2.96,MG,1715416596
418,ventspils,57.3894,21.5606,9.96,62,0,6.69,LV,1715417097
419,heber springs,35.4915,-92.0313,13.74,70,41,1.98,US,1715417097
420,bubaque,11.2833,-15.8333,26.51,76,11,4.13,GW,1715416574
421,toliara,-23.35,43.6667,28.95,48,0,4.05,MG,1715416557
422,shinas,24.7433,56.4658,34.14,32,0,3.16,OM,1715417097
423,mariental,-24.6333,17.9667,25.46,14,1,3.51,NA,1715417097
424,kencong,-8.2833,113.3667,27.46,84,97,2.28,ID,1715417097
425,nenjiang,49.1833,125.2167,4.97,94,100,7.45,CN,1715417098
426,nova vicosa,-17.8919,-39.3719,25.21,80,63,2.34,BR,1715417098
427,sidareja,-7.4846,108.7923,29.16,76,73,2.96,ID,1715417098
428,dublin,37.7021,-121.9358,17.88,64,0,1.54,US,1715416523
429,ntoum,0.3833,9.7833,28.87,72,97,2.26,GA,1715417098
430,guanica,17.9716,-66.908,25.85,72,6,3.33,PR,1715417098
431,iquique,-20.2208,-70.1431,18.02,80,29,2.93,CL,1715416649
432,qingyang,37.4958,121.2581,19.36,25,94,5.04,CN,1715417099
433,dubbo,-32.25,148.6167,15.07,88,100,4.63,AU,1715416724
434,nahrin,36.0649,69.1334,14.03,87,100,3.85,AF,1715417099
435,maroantsetra,-15.4333,49.7333,25.15,86,70,5.59,MG,1715417099
436,preobrazheniye,42.9019,133.9064,8.29,93,79,3.27,RU,1715417099
437,port douglas,-16.4833,145.4667,23.88,81,13,6.09,AU,1715417100
438,solim,15.6167,73.7667,31.94,60,9,7.72,IN,1715417100
439,margate,51.3813,1.3862,17.28,83,94,0.89,GB,1715416560
440,hawera,-39.5917,174.2833,8.46,84,31,2.22,NZ,1715417100
441,cabedelo,-6.9811,-34.8339,23.37,77,100,2.81,BR,1715417100
442,kingston,17.997,-76.7936,27.53,78,20,1.03,JM,1715416584
443,viedma,-40.8135,-62.9967,6.46,89,22,2.11,AR,1715417100
444,touros,-5.1989,-35.4608,24.48,86,98,3.64,BR,1715416575
445,port saint john's,-31.6229,29.5448,20.87,58,14,4.97,ZA,1715416605
446,west bay,19.3667,-81.4167,26.15,88,15,3.24,KY,1715417101
447,morehead city,34.7229,-76.726,14.03,84,0,3.6,US,1715417101
448,gutao,37.2025,112.1781,25.43,11,1,7.51,CN,1715417101
449,delijan,33.9905,50.6838,23.16,18,4,1.12,IR,1715417101
450,arona,28.0996,-16.681,19.51,67,40,1.03,ES,1715417102
451,ghanzi,-21.5667,21.7833,26.8,16,2,1.58,BW,1715416849
452,lorengau,-2.0226,147.2712,26.9,84,100,3.2,PG,1715416663
453,paredon,16.0333,-93.8667,27.19,70,55,1.0,MX,1715417103
454,anxiang,29.4,112.15,24.1,68,100,6.47,CN,1715417103
455,kurchatov,51.6601,35.6521,13.01,63,72,6.82,RU,1715417103
456,tamarin,-20.3256,57.3706,27.31,85,38,7.23,MU,1715417103
457,nanao,37.05,136.9667,26.11,67,45,0.73,JP,1715417090
458,tindouf,27.6711,-8.1474,25.25,36,0,4.12,DZ,1715417104
459,junin de los andes,-39.9504,-71.0694,-0.14,84,75,0.81,AR,1715416670
460,pontalina,-17.525,-49.4472,16.22,81,100,1.7,BR,1715417104
461,sao tome,0.3365,6.7273,30.02,74,0,3.09,ST,1715417104
462,pangoa,-12.1167,-73.0,21.43,97,99,0.86,PE,1715417105
463,igarka,67.4667,86.5833,-0.55,99,100,5.81,RU,1715417096
464,posto fiscal rolim de moura,-13.0833,-62.2667,21.92,76,0,0.94,BR,1715417105
465,vilyuchinsk,52.9306,158.4028,4.15,82,100,1.89,RU,1715416615
466,broken hill,-31.95,141.4333,15.67,63,81,6.21,AU,1715417105
467,egilsstadir,65.2653,-14.3948,10.95,76,0,4.63,IS,1715417105
468,el empalme,-40.7226,-64.9922,7.3,79,6,6.99,AR,1715417106
469,rio brilhante,-21.8019,-54.5464,19.73,58,26,1.52,BR,1715417106
470,aniva,46.7144,142.5294,8.06,80,100,4.21,RU,1715417106
471,labytnangi,66.6572,66.4183,-2.57,89,39,1.06,RU,1715416594
472,les cayes,18.2,-73.75,25.05,82,25,1.77,HT,1715417095
473,rio gallegos,-51.6226,-69.2181,-0.97,86,0,7.2,AR,1715417106
474,sretensk,52.2453,117.7093,10.75,57,99,5.96,RU,1715417107
475,aykhal,66.0,111.5,-3.61,73,100,3.44,RU,1715416671
476,gulf shores,30.246,-87.7008,22.22,68,0,2.57,US,1715417107
477,gazojak,41.1875,61.4036,25.68,21,0,1.58,TM,1715417107
478,belmonte,-15.8631,-38.8828,25.09,85,94,3.09,BR,1715416613
479,krasnovishersk,60.4078,57.082,4.13,56,99,4.03,RU,1715417108
480,merizo village,13.2658,144.6691,29.31,87,29,6.49,GU,1715417108
481,urangan,-25.3,152.9,21.78,78,8,2.24,AU,1715417015
482,ebon,4.582,168.6964,28.34,78,56,5.16,MH,1715417108
483,baker city,44.7749,-117.8344,14.8,81,0,0.0,US,1715417108
484,soligalich,59.0778,42.2864,2.6,81,100,5.05,RU,1715417108
485,kachug,53.9606,105.8817,22.25,21,47,2.68,RU,1715417108
486,san andres,12.5847,-81.7006,29.01,84,20,4.12,CO,1715416599
487,ailuk,10.2197,169.9797,27.73,82,100,7.25,MH,1715417109
488,lagunas,-5.2269,-75.6753,22.83,98,95,0.61,PE,1715417109
489,carnarvon,-24.8667,113.6333,28.72,40,79,3.89,AU,1715416654
490,broome,42.2506,-75.833,9.38,97,100,2.06,US,1715417070
491,formosa,-26.1775,-58.1781,19.13,96,100,2.67,AR,1715417109
492,ashkasham,36.6833,71.5333,12.11,50,32,2.22,AF,1715417110
493,pampierstad,-27.7832,24.6877,22.22,16,0,0.82,ZA,1715417110
494,tisul',55.7611,88.3122,16.74,66,100,2.24,RU,1715417110
495,shimoda,34.6667,138.95,21.2,74,9,3.76,JP,1715416382
496,kourou,5.1552,-52.6478,24.03,94,78,3.16,GF,1715416781
497,mount isa,-20.7333,139.5,26.87,47,100,5.14,AU,1715416603
498,guozhen,34.3659,107.359,25.96,19,96,1.74,CN,1715417110
499,sharjah,25.3573,55.4033,32.16,48,0,5.14,AE,1715416813
500,thai nguyen,21.5928,105.8442,32.88,69,61,3.77,VN,1715417100
501,arhavi,41.3492,41.3069,17.95,61,99,2.61,TR,1715417111
502,zheleznogorsk,52.331,35.3711,10.58,59,52,6.69,RU,1715417111
503,mabaruma,8.2,-59.7833,23.82,96,100,0.54,GY,1715417111
504,aizawl,23.7333,92.7167,19.89,83,75,1.03,IN,1715417099
505,wolgast,54.05,13.7667,16.01,100,100,2.16,DE,1715417112
506,fort bragg,35.139,-79.006,14.0,70,0,2.57,US,1715416413
507,recani,31.2846,-4.2688,28.72,12,100,5.81,MA,1715417112
508,huayin,34.5675,110.0921,25.53,22,100,2.23,CN,1715417112
509,ulladulla,-35.35,150.4667,15.85,89,100,2.21,AU,1715416606
510,undurkhaan,47.3194,110.6556,15.08,24,32,7.98,MN,1715417112
511,dire,12.2833,-10.9667,34.7,36,7,1.93,ML,1715417113
512,san carlos,9.6612,-68.5827,23.41,97,58,1.21,VE,1715417113
513,dawson creek,55.7666,-120.2362,9.8,43,100,4.12,CA,1715417113
514,tofol,5.3248,163.0078,27.84,76,100,1.01,FM,1715416643
515,stebnyk,49.2942,23.5636,11.09,91,100,2.27,UA,1715417113
516,nizhnesortymskiy,62.4397,71.7603,5.53,68,20,6.05,RU,1715416562
517,essaouira,31.5125,-9.77,21.72,73,99,5.14,MA,1715417114
518,aginskoye,51.1,114.53,13.56,31,50,7.34,RU,1715417114
519,lianhe,47.1333,129.2667,12.19,64,98,2.78,CN,1715417114
520,nushki,29.5542,66.0215,31.98,9,0,6.13,PK,1715417114
521,luis correia,-2.8792,-41.6669,24.56,92,100,2.26,BR,1715417114
522,al balyana,26.2357,32.0035,35.12,12,0,7.01,EG,1715417114
523,chernyshevskiy,63.0128,112.4714,2.23,68,100,2.63,RU,1715416584
524,bonthe,7.5264,-12.505,29.94,72,26,1.52,SL,1715417115
525,medicine hat,50.0501,-110.6683,14.01,56,0,5.14,CA,1715417115
526,rongelap,11.1635,166.8941,27.28,83,100,7.02,MH,1715416598
527,newman,37.3138,-121.0208,18.99,72,0,0.45,US,1715416571
528,miramichi,47.0043,-65.4654,0.64,96,5,1.01,CA,1715417115
529,gummi,12.1436,5.1081,36.72,37,57,3.99,NG,1715417115
530,hwacheon,38.1061,127.7067,17.86,97,100,2.64,KR,1715417115
531,saratovskaya,44.7103,39.2244,22.66,50,95,3.37,RU,1715417116
532,khairpur,27.5295,68.7617,38.0,14,0,4.28,PK,1715417116
533,belo sur tsiribihina,-19.7,44.55,33.16,34,54,1.02,MG,1715417116
534,chiras,35.4167,65.9823,9.72,62,38,4.23,AF,1715417116
535,luxeuil-les-bains,47.8171,6.365,21.79,43,0,5.14,FR,1715417116
536,alofi,-19.0595,-169.9187,23.94,73,75,5.14,NU,1715416572
537,obolensk,54.9774,37.2245,11.12,93,94,4.12,RU,1715417116
538,osorno,-40.5667,-73.15,4.58,100,100,1.54,CL,1715417117
539,tarfaya,27.9358,-12.9218,19.39,82,0,8.3,MA,1715417117
540,allapalli,19.4167,80.0667,42.6,20,10,2.3,IN,1715416563
541,ashland,40.8167,-82.2665,9.89,91,55,3.73,US,1715417117
542,san julian,21.0167,-102.1667,20.36,28,13,1.38,MX,1715417117
543,bracebridge,45.0334,-79.3163,5.18,93,0,2.06,CA,1715417117
544,kyzyl,51.7,94.45,24.45,21,97,1.34,RU,1715417118
545,curitibanos,-27.2828,-50.5844,16.59,99,100,0.61,BR,1715417118
546,tonj,7.2737,28.6822,37.88,29,43,3.34,SS,1715417118
547,covington,39.0837,-84.5086,13.62,84,100,2.57,US,1715416698
548,poso,-1.3959,120.7524,28.04,84,94,1.25,ID,1715417044
549,prince rupert,54.3161,-130.3201,8.83,94,100,2.57,CA,1715416656
550,trincomalee,8.5711,81.2335,30.09,73,62,4.93,LK,1715416613
551,suva,-18.1416,178.4415,23.71,69,40,4.12,FJ,1715417106
552,caldwell,43.6629,-116.6874,14.95,72,0,2.57,US,1715417119
553,port moresby,-9.4431,147.1797,26.68,83,75,5.14,PG,1715417106
554,taber,49.8167,-112.1518,12.91,62,90,4.12,CA,1715417120
555,krasnyy chikoy,50.3643,108.7512,16.92,26,23,4.73,RU,1715417107
556,shubarshi,48.5872,57.1869,17.66,34,6,3.37,KZ,1715417120
557,inverloch,-38.6333,145.7167,13.92,71,99,6.69,AU,1715417120
558,mar del plata,-38.0023,-57.5575,12.27,82,0,6.71,AR,1715417083
559,manzanillo,20.3433,-77.1167,24.2,88,53,0.9,CU,1715417120
560,eberswalde,52.8349,13.8195,17.36,66,100,1.96,DE,1715417121
561,muscat,23.6139,58.5922,35.01,47,0,5.13,OM,1715417041
